id,price
15957,727413.495764604
11091,898259.550534253
11215,374603.4043277
14370,426854.495770711
12277,439571.142086845
2607,541380.829057845
18441,363799.412985421
20637,846130.799180119
9180,328472.247959443
15340,329253.854604446
6307,604290.733448342
12383,782832.338942092
1083,1156759.71307603
14085,2251093.71471436
11428,495882.205492309
11548,559306.307924325
4522,544347.25411561
21261,735666.038850638
11568,318701.503136417
11064,346908.376664495
19934,782281.367623178
13448,429436.122125207
15871,591446.868722456
5255,604722.30862355
9851,360936.88439899
7712,959691.032305989
20217,675486.72032453
10643,413368.932232232
8908,836437.131227794
9098,552172.959093262
8676,382018.178124151
4675,1212006.53679795
5599,703054.939500914
7020,579084.255452051
2664,641964.406727691
18201,2009850.01004783
14155,470358.68456434
16525,460596.968064817
20590,415005.544033584
19901,441298.39506917
5768,553207.172215174
14072,545146.871951085
8623,688727.677485174
10583,220932.977446016
9833,275028.259406556
321,202435.578591138
6115,377004.353035742
1656,800398.352980774
10714,333242.36911499
7395,525361.228361689
11380,340800.782186372
17217,437570.57308633
9327,997577.357123677
12456,221012.275941207
7709,494966.941565246
19174,730503.224253992
18380,582896.284807508
1519,563483.339544008
111,519105.849076147
18559,568622.554157767
13571,658560.438855807
21531,940722.306839346
14767,739472.245944401
609,229339.072861288
10146,425443.961115478
4729,862347.065934883
19834,567896.016263677
15517,774606.797259107
19860,1736475.16229733
15811,681636.458726284
16209,732458.188312895
5405,423570.666664508
7077,354296.036033317
11888,322702.599311115
4822,473710.061474531
5122,315976.077014247
1191,454873.788241941
11414,441718.533739996
15972,589326.528936163
9772,545993.761297259
12600,519110.658970085
7972,862395.411167922
17412,506684.817153772
19138,246144.006634805
12016,293237.755406606
6385,658798.243516257
21211,546264.561666182
10162,297492.29198888
11520,767047.33368683
1584,580857.524963681
8501,465793.705881369
1686,505053.101559055
19149,430350.801932954
16514,530374.536791737
1718,403164.637526169
4259,571246.527738251
10334,429469.023042794
9361,425274.662851421
1696,482596.158414841
17653,387562.59429014
13074,219223.270897042
18693,525207.232165447
7565,700175.902057427
14849,553651.091836152
6596,465041.357531383
1590,486469.652898879
1689,435248.799484149
6349,865216.754168774
8675,618635.167209326
19224,829301.706518981
15296,439526.144891563
16654,608054.113481047
18526,305768.323081745
19770,571238.0989935
10339,646087.229319126
5019,298502.755161301
1525,228248.884852705
16845,419409.238307956
6676,353325.806520232
7906,372695.720941893
13290,429633.520003396
3425,348404.85724561
5902,284410.613263699
12469,668845.200074243
18554,727678.037639462
21012,590383.037885977
6564,355934.481743844
18431,398640.786742999
5979,412281.423043236
6278,513387.533832869
20830,945011.731261906
7738,532876.100444845
891,556384.192883179
2496,375574.025651356
8386,421072.926690828
19816,1115257.39385507
2785,381355.122492806
181,326155.665949808
9756,319755.575759643
21204,615887.44453994
3052,295581.548537013
21596,639611.362855666
16972,516908.021379072
11300,325429.053577047
5352,298712.608197378
10819,1406580.85972041
9199,313915.319700988
17709,886113.257948643
6469,1176368.03399334
21418,400273.926186883
2469,544406.745959131
16284,675847.664047751
16409,265044.84006435
8116,749906.824883313
3567,361282.976737914
21056,852032.956312438
11955,790118.361530357
9455,786106.996059972
270,535683.995760441
7126,276320.200505871
21556,729136.353211115
3006,310327.462860466
8476,1225655.71162479
5117,607096.355796693
16429,851958.517260775
14186,640051.439470097
14859,499552.658752006
3612,566515.372678632
18914,1044162.31630068
21368,390940.144682885
18076,411741.681498472
6639,296407.009665988
8118,297976.193739864
7896,253263.640470979
10846,842869.40440662
14650,451266.782773153
8020,338976.989756781
2483,483198.795798896
3974,579165.576909539
18729,211533.032068329
13418,487679.556245104
1680,308206.223209199
14787,386221.552492277
4705,613045.802505167
12093,338189.678294551
19909,971745.908633024
10848,447925.129528359
9505,552967.252153353
11350,176125.149716582
10196,598085.987799518
12594,757253.429257552
18173,308813.532771811
4194,723377.927352028
13198,1476291.51738279
11229,572174.380232755
8910,951330.935335407
4491,356584.752284226
982,479986.392876969
941,374850.649436394
13584,370894.975199435
13868,538592.317951048
11127,329536.33037853
15091,516698.191484262
16445,631528.909108619
17803,244394.268448969
2095,720662.842056039
12513,620812.296746357
3224,402585.302148236
1089,327966.46056615
8667,420451.342687494
12310,326988.116101245
21484,740358.640767786
21301,383954.730330128
10474,479408.641930181
10586,595105.769613486
20981,396599.08732768
974,657566.300144303
558,1320222.76030848
15092,365898.673807456
19530,629239.037814995
8191,505281.190444184
10558,489085.528644238
10335,638470.437783281
1950,348842.763873486
19970,571048.234624069
11670,342019.231947773
21389,373353.326745124
1205,411991.982644234
1297,270913.570289224
7468,768842.755540254
8089,297415.907474117
3822,454460.983472488
6072,753401.195989371
10993,264104.370745524
20645,808155.903017192
10391,442951.950624522
17112,641594.873871766
1139,247234.421089041
1141,894135.601202743
10904,629771.808041022
978,702340.908372438
16439,486033.446863644
12884,390191.679344834
18912,663049.945582172
6734,452779.14814639
11618,637275.929553248
14128,648828.606912523
4513,441127.241661421
3170,642555.936350497
2756,837306.78592152
3499,224065.200529375
15317,543931.919607906
9160,641405.366294765
15859,757292.958653571
10711,778769.410289098
5251,257057.46494927
20835,589033.752595328
2625,306404.443019573
2236,643750.789761983
1571,893154.672900699
13411,353902.039824979
4196,749104.412625278
8316,525036.836808402
16261,189859.626700179
7910,300471.844013404
13643,549971.807474417
8737,497654.521218322
8669,412783.682726343
19550,545751.206688304
12234,301814.445134575
10301,226334.064900184
13058,582539.926733717
7780,203192.448161869
15825,636362.206702465
7952,443035.09875886
14253,251938.313592975
14867,899187.733274066
13601,428177.757654643
17065,233805.348207175
18278,518442.725132324
10632,398582.669975349
19328,320246.725478887
19181,504528.420100566
18868,935882.021055173
15382,387298.733903223
20623,381530.937906256
19085,788042.092138823
13487,382435.530197127
339,402399.779053526
12615,1624107.5275905
1827,340713.157718076
3148,416563.941766784
9255,1297359.40208127
5968,562605.877245654
16091,578670.009677584
1757,837197.901972269
1094,647001.827655723
11635,387697.022765818
16219,568679.205701645
10930,558504.890001121
8905,676988.311008773
17949,345668.208026037
12986,319799.495415742
14284,656420.115244001
8768,365509.165965505
18305,458488.431772401
17109,491998.671576132
1854,371358.405787117
442,417769.325234485
16481,345216.043018663
1780,1028451.82871113
1472,272846.150811532
19292,397138.155627905
10658,455207.370270496
20589,676270.880756009
10832,784676.378501215
5110,869763.377092324
15965,333560.185809868
20695,456964.365961573
10297,541601.698317367
15297,424962.71115177
11163,443736.318237977
1283,286765.799658477
5191,204150.666245606
19775,414671.448925823
20910,514194.134749921
21505,819640.14110137
9106,392631.327854866
17037,730385.668588662
16879,1023061.95494392
17654,542255.392680841
20707,309037.704146751
13516,447971.271335228
10268,258803.746196572
2134,166780.169079231
15969,347484.535834395
17306,301148.832423246
7353,457408.604939761
14866,521446.392834837
9897,671685.688708855
18047,795979.315877403
5664,661255.902553651
6288,646186.21990878
9822,233800.513405183
3893,849818.517160663
15337,823168.742587718
11828,340001.692961881
4478,466269.48142246
9441,342993.942777869
20649,469657.104538947
14914,470043.201052546
7672,540197.53452512
6682,489404.412914424
15551,476911.70204018
7100,527360.898831428
13228,734034.71499585
2849,637307.692132019
8470,286295.774524211
11054,338904.320771858
16702,582779.60593096
7691,350661.521733471
2701,472635.190457443
3587,394563.071098397
6563,760514.699309856
11083,482862.398554005
10955,440249.196324091
8839,528807.725171319
5982,549842.872803038
21469,1153597.46218221
9898,341750.657191218
7989,666927.24098315
8002,271613.779649897
2073,917686.407837841
13583,448293.093157948
4706,488191.386753503
3141,241818.144512343
3814,817315.380840143
20784,677355.005860666
6441,310541.006830168
19841,653875.463461467
4226,489281.345684546
7476,363684.577172596
16223,521684.582066435
9350,801828.300674069
10796,417836.796761344
5056,761960.33731554
1280,696095.440507001
10333,439455.688373269
12692,1134485.44240969
18624,485304.219187626
17784,219532.192553997
19099,845100.306974713
4129,511501.358880325
16606,334840.660972742
14704,847384.496717273
13039,472111.614043917
17778,567445.730079231
21333,627506.989659783
14079,821010.31006323
4736,507314.886659269
6950,533666.044967698
1354,487096.044834368
4007,361196.208472961
17617,505901.747418658
1821,691076.202506762
6283,576187.174495809
1417,707511.223262724
10980,435359.041330769
5434,779254.826119394
20774,429062.919646951
1905,481581.995334356
14405,840929.732478051
1492,651526.135923989
18576,355649.118330198
10533,546011.026746784
13821,279998.709074737
8603,392259.463547221
16293,660129.946361702
8704,390963.438801217
8618,625713.276363368
6170,403283.380625531
6246,635341.305852096
17408,644185.809637066
16726,551757.608958151
16704,599358.314345789
14266,497816.931231811
8566,568727.836285831
6785,1131176.80015815
3660,242141.762063868
11532,449103.793321984
11704,527305.075526941
13700,327145.893799876
10469,632290.915732427
16532,135798.469608893
9607,320037.297181567
17893,626298.115832937
12667,570779.068787012
3841,426564.326740241
20797,284848.892884622
17646,287108.448394988
11106,606133.706904404
2457,1214554.0743272
403,800996.755808297
14844,467892.458857791
13395,274138.31038155
8028,191008.972434597
10619,497524.22842834
7148,734938.470390252
17920,430136.6166886
848,405773.14744714
9039,258548.231836587
16479,761038.110221423
6535,377864.636932979
5194,494799.175910877
975,484173.793164013
21095,490114.186639896
9537,365044.990535285
9295,541539.745368372
10860,480255.047860085
6878,248664.474381593
4288,537812.512236102
11592,281171.957586988
4058,294111.495129061
20324,1025452.36568657
16217,521116.573093106
20052,707061.989832562
6371,224712.90676573
6956,555101.403524109
14446,624666.392944794
3275,491632.438752981
19923,440577.898027258
17804,382969.844038071
13342,506641.951479821
702,477394.5359891
12694,580917.400253992
1116,380565.001393546
9035,565732.234449366
15050,556305.474879409
16869,441634.469174807
11516,426996.860648306
1862,690195.448703775
13728,424575.862760413
170,676937.327229223
10862,413466.702086141
12122,477917.336748923
14637,534578.646569023
17173,457961.250334355
14819,397069.388928728
9359,611306.349490344
12242,263084.452128345
21308,483863.967907264
10202,529948.311502745
8939,402683.590746141
6739,349285.991661248
3438,445851.536686668
16506,317933.025378686
3554,262221.674558737
1532,1044850.34943764
14036,793954.87038687
1056,559383.1683868
7101,369407.001296334
13909,1417528.84816617
6527,211935.928790468
12245,365505.55869972
2934,197019.950198736
8480,796658.007674365
8224,968809.193746694
5841,377473.541343808
10460,757638.102490456
20487,491683.890322542
5739,261164.0526749
2917,358622.902475598
6019,256314.667020625
14170,428446.583386592
21277,576694.343881606
14166,630570.304218125
21472,457574.362916033
6237,1035523.71582105
7404,423662.644770011
8151,320631.712670683
4841,615253.436626441
12086,543688.584074834
6273,311182.262175081
17636,258791.13391591
13505,418810.81652595
6419,678342.090643521
7968,257737.016976531
17801,713444.354978976
18149,669854.225813001
19707,266510.850260134
21460,605707.813527709
2818,232888.374364738
1490,392325.709391459
10695,415211.386844347
11443,978501.899497612
19975,770007.562421916
10293,222879.932212605
187,1134189.3298574
3765,716218.560235565
20216,725580.944821205
8047,468403.570167976
11085,633125.748155167
16587,664644.779566356
10937,607894.009451664
8567,555894.441730989
6418,182409.958922739
15496,458640.597858472
5652,674017.178688451
16651,710896.988221382
19608,379607.223288985
14609,475322.98451617
11455,435925.709455571
21217,503113.307241627
3296,534409.058177817
18247,401453.267529209
19546,449128.078271385
5386,567483.887803909
7670,1330817.33807952
7515,224137.877545885
395,802519.769053378
9120,305438.040815166
1927,430675.866261736
8387,649595.796471574
8987,448528.594367595
16281,748054.563293747
8520,426116.624553054
9613,302602.606095044
723,248988.934782867
1315,284991.812274806
5395,628073.926556963
16250,679243.037471606
17863,222669.747911636
750,626909.395645744
1078,512681.87227335
11405,562251.531107076
14741,455573.416652259
1906,786283.091140079
1825,465008.851032881
15236,632967.598582835
4820,535843.899521831
11977,1143895.79900667
3795,307799.851088838
19445,788312.458628484
121,372790.831116287
20371,870365.274772228
14681,323366.764100533
9486,377846.072007898
1103,509935.677629096
10932,625734.754596215
16332,639930.148385283
570,306630.577971347
8960,264382.704869487
693,1024351.87258656
6898,458208.181962585
10721,312854.552825478
2844,392057.331000693
21412,900062.10848847
2983,523882.839437444
1112,558986.518962867
21196,613482.53363807
16072,790666.152274489
14318,318440.34104229
16286,717763.495350988
12893,705133.203351382
3505,429979.378635556
12411,481332.2536108
5554,415791.22291301
753,891639.36546709
13867,235546.806017443
523,304345.286629482
9844,252237.424499306
20315,367242.163120213
4916,655602.770324613
14573,1260172.15444177
3383,750815.940735365
7773,386527.157900898
8563,367667.202163148
2801,830016.354067555
12648,421938.118845559
1960,476924.69908491
83,490575.950975623
2200,504247.182364074
3419,617373.479492104
5474,635964.542105407
1554,329719.092352788
19997,627568.840722567
3889,731174.968096161
9102,357696.921182087
17672,518256.414105814
17318,558860.003347108
8956,866241.601925243
15989,622321.495751456
12490,454098.294706315
9253,484511.18159834
12392,457602.808848769
7458,527375.373928563
17454,484317.621868531
9515,463140.545124227
17722,560901.857092932
14344,470345.993601493
10431,632189.901215286
19641,492333.396626847
6767,359181.973862832
20071,1409728.96036911
20185,405559.753512027
16603,742154.002435389
6299,1298478.25387355
13386,431689.627753044
906,396159.633726975
11401,552146.984019191
5195,526767.385985935
19815,643833.817030478
6274,291467.914601853
1361,518500.678975524
10666,498822.306766245
3832,394664.777394278
20021,1030254.67416855
21423,403908.306524856
2133,510946.055711188
4407,365770.219681973
2687,453858.185466091
5995,532838.957521348
15878,221554.472985141
7915,572863.946295524
18531,938858.600348913
16836,383104.462685347
7975,236113.947973178
13036,204492.340215948
20643,614800.65702189
19861,891155.549359814
14408,630777.159037261
18034,246137.559374587
1308,707191.119466867
15668,473886.459003698
5909,350622.666314098
1722,789509.897720171
1663,411502.003077531
4702,508176.195180166
21141,304431.135276933
11318,292342.453080022
14702,1089688.24875721
4974,680380.700533555
15764,248396.01631473
13379,532121.553787901
8706,606472.120668417
20698,566817.252766052
13275,467198.015249127
19684,759996.723845978
6502,914229.473545659
5202,516243.276928494
13577,362356.885713602
17482,403759.259067445
6964,848553.683766754
12288,337308.189555176
17529,443673.345194756
17199,188495.047683291
13801,378863.047521361
20298,1560496.19787151
12778,256650.176249652
16041,577088.181507378
3421,468378.128015183
20924,405778.526776661
18028,397378.392690404
12121,542326.663152261
15851,491666.149697704
7745,378281.420160274
1177,404725.694487138
377,817415.206359513
7019,191872.216343006
20338,576907.837745999
16830,242833.440850017
15923,289806.820225891
16245,502150.01424869
14209,438642.253617989
21608,842161.834555287
11891,232764.605391464
18170,407552.523440273
19398,564493.422696078
13066,732878.09025332
9354,872699.77563
8469,339431.956984457
8026,623486.686079041
6318,530768.668650573
3317,227120.40515116
14073,374488.792713309
17021,392183.381478476
7977,419769.19811138
3498,670236.114195809
8473,470535.64328605
16456,892343.569204519
2336,515569.234508992
13782,326822.801093916
5466,296150.553876651
12399,445988.783262731
4276,1046630.05706732
15663,587530.823426306
17644,318380.301299697
4871,846228.455455166
14231,327331.129381708
1848,313334.266294652
9864,624565.323466214
12799,197597.589870312
14808,827064.838805017
6618,356811.133135958
5790,778562.078673628
3486,418549.874331666
14684,1576004.38804736
8025,518506.09837059
17987,590276.057121039
16901,447845.827274923
9879,372486.522928694
3311,189344.552589255
12708,628278.827729293
197,501612.218780572
8725,341338.249525599
14666,736752.731049797
8571,466725.420858195
10572,576703.485069641
4344,339710.21310459
6446,265507.149363887
20022,812092.998800617
2534,371281.516664442
9762,340732.972432235
16214,273346.873835378
783,431880.456102289
8800,302291.324681399
12492,393362.026966997
20438,665237.556144885
8032,1152329.45610843
16680,267208.317576419
14622,580474.077945954
12974,371574.111769376
16521,391725.373056251
1781,302739.862865371
12444,395033.455544747
1878,795031.766347916
47,769384.370612305
19622,965962.294262641
1971,219692.397051458
14734,463109.618813415
15614,482130.06930685
17771,389508.935099112
10871,608271.474014901
20493,793140.496522372
2097,538422.248792436
13574,235086.57415235
12877,582544.123501499
2016,624686.447959643
15399,582871.990953381
10988,636562.408716466
18018,719284.687057774
4108,1088541.38071077
15184,569358.165635904
16038,651635.646973432
11292,805260.849588526
18395,916784.404544546
14652,630839.643157371
8430,425131.733776214
15908,632910.260535654
17158,288845.38845469
838,343040.320868821
8793,976722.090338463
8893,455458.446048415
12845,540686.134855188
14631,335042.084407766
19101,492758.039574039
16574,302467.155821927
12753,447052.920373174
8740,572879.871001701
426,241754.240493717
18852,845634.553175258
13816,733172.578538802
7221,498579.242262115
11218,777637.904502937
5811,272032.625453124
2050,494585.883039402
304,528192.780511437
15169,361502.534451844
6164,747342.923916597
2633,300146.909280967
5009,163976.804798753
21210,1050097.75496544
8004,275998.630870798
10925,482351.320752495
516,480121.087428024
2091,852378.646894387
19802,513295.668045902
18298,238667.592808155
296,796626.871713461
11687,1442114.95178483
15590,230847.019466036
6969,531390.56421806
17030,260784.439432726
14979,338834.776353192
2431,730746.698009152
2024,172516.899730382
4830,968378.840198865
4198,493834.694632065
8924,630352.168489875
14163,712753.001716712
4073,491968.106174899
14982,1071012.10820846
20017,398852.549628911
15289,169660.830766014
19800,606036.632420617
5444,566528.719216764
5624,442377.847117644
4977,843071.759613601
8583,638832.075393059
16903,279699.26187745
3496,709734.062873301
19254,374278.207505075
20601,380887.096984151
17840,1303418.34304423
579,1415127.45476079
13497,477976.291294799
16380,527815.982978214
5275,717315.5624993
14099,325470.267735536
14249,302561.26046969
13383,208023.943249987
3289,618088.465926368
1391,269140.667823312
3838,231493.930708579
14646,346590.317909341
12428,923614.287040256
15605,493154.804629065
13860,392597.019409018
16509,233889.2243526
865,649414.051495603
11551,315692.103072062
21258,408501.266141946
20411,448439.177950075
122,770608.589042649
6169,652796.759540886
20927,438357.572343532
12501,479211.497269301
2748,659350.51856021
16174,742997.948704478
15272,498992.170864379
8628,406797.941486737
17317,303844.305312467
1551,412185.165473668
17479,257935.417505015
7174,713067.890692296
7171,208461.521324013
3800,650984.061803085
4248,347522.090864602
3331,329374.275874851
10103,321647.555253104
14205,357826.570146585
8888,905111.70782648
12921,495481.653000404
5017,561932.137420611
21392,621101.772055665
15173,620071.606777963
19261,378578.587781474
8759,783722.681556588
11541,269889.954196805
1176,360233.698818309
20374,269437.53387457
20618,599440.322544272
200,483855.298971622
1030,382134.128730262
5796,469144.699177588
1213,902028.821043335
6674,727916.191895126
3431,400003.755834567
19412,511418.734051247
6747,426689.280357994
11867,641025.529054279
17149,601682.205832965
16803,225398.969471514
1875,600210.395269563
114,384271.653179503
15606,1019877.21583149
16307,477708.220589042
12953,408706.614128997
7256,971132.122342842
9865,558759.180000191
18214,529303.922241255
13341,248058.079985727
21060,436795.770587629
7168,344024.775054219
4169,521604.585657855
8332,191381.150873804
16731,1463111.31657148
11501,517782.80692431
19649,1014317.94113525
11502,137376.757642556
8411,829690.301862354
15749,461717.882626514
7679,502532.467158465
7959,495376.948820944
6332,450156.007901502
19980,451502.764566501
3815,1373767.1953652
18463,892775.197044535
14677,260168.307893294
1384,648566.460583036
11706,553786.364980928
9764,462776.001079468
5060,484684.985700887
17084,467246.567084183
13296,842832.216092716
6751,505270.527549078
16256,358440.257928985
4355,438152.291083236
17072,337150.020096237
9962,366987.70267163
5743,603008.917287625
13828,181703.772308086
15706,373023.074048055
1121,869451.105742724
5252,732881.248202178
14067,638617.677195197
13884,579433.641203845
18295,238986.631848394
21171,880955.175405431
11378,215799.864741868
815,594575.804158045
456,453739.08303276
677,492372.847351181
20691,395487.304444736
6853,580739.207304475
14184,233041.961872116
21500,444447.018455458
12083,833323.367204656
7254,2985701.07473543
8557,548997.452778496
7555,452338.841727796
2568,592860.008694683
19003,573259.701437104
18728,818307.056141637
1503,323232.552515104
19443,475971.470520882
5425,565877.129182505
305,547509.320332948
9212,586886.204211846
240,869810.888857168
18980,759122.234373031
6125,571951.807832352
2832,720323.976284627
9192,368376.679441955
14192,336693.713124146
18161,569335.035470996
18382,313067.485500233
12642,443756.991506989
19636,624835.744127115
2912,403500.881932725
4928,780280.606527171
19689,390272.714365714
4165,288745.543276585
20258,376492.444217419
7698,484322.242870595
14046,633475.713750824
8916,713065.176926621
11231,296973.513813591
14294,399407.095775133
17017,547939.12240096
20482,379283.02597155
3539,336360.78578522
7285,832774.231093146
8431,619749.271372871
5683,525258.647005264
21282,505361.658056711
16392,740970.743917032
7483,575068.963082999
13561,355666.568240293
242,337231.81199781
20390,311865.062318566
8060,737982.751079001
4221,746836.392205675
10959,584910.60858571
20074,1249708.10534885
3271,355945.973928243
12002,987706.238383596
20126,357926.16364034
12194,322019.087838535
10138,261162.240064058
18750,829967.372801818
15609,329712.144938108
16313,579738.356307788
3669,423256.689424945
12429,329044.682289264
13106,414202.478204481
19036,276380.814366119
1515,175314.946263374
3991,908912.918848594
20838,672927.216299865
5346,582338.340570713
4679,268423.949722624
18468,224794.845557059
13675,261274.854453822
3890,685258.420300679
202,212840.682731712
2096,351581.593039627
7147,551366.00452274
14833,520064.962428226
6637,366088.197526409
17189,522091.106007225
12244,481550.400313861
7651,667137.016846624
20562,871919.995143573
11488,538363.506631017
13938,513080.88874594
4475,416952.317705277
2170,504594.678871517
11924,836551.365793651
18008,356173.21983891
16806,1110017.14021083
18107,606200.836380322
20378,802634.496984689
13556,343974.017319193
5479,632202.16010687
17510,1192037.7678409
10618,1010290.72811809
5674,1126568.26542423
2847,1196541.89769889
7921,468209.53916187
7962,386317.633828774
15083,1115227.92228561
13050,486532.441899917
16186,593407.777315469
185,285266.493917108
13913,424464.19766281
2904,491378.924716402
11865,501056.648819465
2060,492397.971555309
9246,846087.187989119
7092,531841.639320667
15829,762030.091609165
20600,640311.670410016
10286,376296.971959015
17107,582637.397599614
17255,306787.872266771
2272,444508.947030811
15466,279458.935015501
3697,506912.098695337
3870,544533.875558157
10890,375870.028588807
6520,1006676.51050182
14642,239994.164417469
20309,454083.217735979
17004,867720.351393223
14156,359064.935139445
10475,495285.761324923
286,633817.303039562
2550,450303.731970014
2089,369826.329370314
12715,1425721.72015091
18248,308859.391474476
12283,390118.735136259
9023,442001.052429803
20400,572390.478464356
10017,262357.892938301
169,687146.71680788
1474,356282.023576508
3711,596929.119927033
19830,598585.8735315
20196,657077.605538718
13970,175110.112204557
7069,423606.410231801
20453,760985.871724194
9437,435676.489893532
5597,520590.939251183
20613,481281.481665801
5051,1637411.23805326
6131,523960.988704829
15486,474909.795205013
1893,646590.111240139
17782,843150.088966426
3525,703965.137517233
1595,1121408.97676173
21228,336081.495574148
6601,326858.335125013
7619,515301.930290269
3288,322845.815185743
6090,488110.074927548
8091,259631.795400853
11607,446025.596191895
4511,316736.635578697
13733,423218.31449559
7862,766681.769085127
11180,398723.97147358
16831,259166.828584437
13789,698149.11072391
10602,601458.131804314
1150,473077.396839494
17525,229115.498052587
14870,475158.790392502
12938,593956.769374772
9234,597114.078221002
7014,242800.04136524
20776,556044.876253941
10769,292736.733416235
14149,561814.414074172
7215,268009.619740901
10654,334114.897926465
9086,543165.733611654
4878,359388.154279121
18664,441569.590516998
15361,572000.781636107
9220,235847.543734855
12557,530593.489024431
1319,457697.028758943
15189,506404.376623132
5445,252688.240087548
10462,655402.509097024
13015,183928.795305417
2662,639939.999474155
15027,368158.707626445
20833,452552.710962387
1439,608333.569410313
1966,348479.758352149
19265,520518.444589417
6760,231309.024681576
1415,839745.247310746
12685,557057.883383018
4641,669879.708996531
17985,426371.617598715
11553,701234.695691405
8268,808107.364104801
10809,639052.013586835
7795,592148.313066693
6753,330457.469626271
7046,768995.572718729
14952,215665.185101246
4622,338445.947846292
12565,721591.716642819
4857,836115.006962211
20897,779911.969183379
1298,562774.500167422
19886,517629.004059373
11006,553643.497956817
15731,858977.134047561
16712,583252.903164156
13019,364639.030112637
5088,393550.381112284
3684,482715.942938453
3586,550074.018148789
15177,322092.235496843
7991,2101850.12881677
5870,818679.816754252
16475,524240.833268114
4233,500818.567488214
15310,432617.749091014
10633,328548.723239023
21203,1817248.89954126
19710,920535.415371198
6105,571576.839665237
20703,330972.650982467
8314,212706.130022541
15526,464455.943821183
19587,290608.936117754
4681,371857.251147577
11244,414439.710675277
17183,474207.725679099
12091,370244.025272622
13499,483017.247534141
14597,724838.599710061
4398,657822.707905926
15836,476015.63094953
1557,270989.251389723
16144,463586.515307615
9712,1031990.04490257
3986,185749.645857772
4543,411577.0389722
15215,619865.515212269
992,500465.734469701
9,284926.151461815
8213,194078.332133656
853,375930.254378098
6153,415665.154479144
19026,694623.770824717
19811,882081.729246836
721,328828.627240061
1695,239944.687923022
17439,558364.726426199
14257,740762.531241648
9631,413086.344509247
18479,1744143.45316252
16422,304698.477640351
9296,280093.095714283
9036,414926.245015185
9697,887556.831725711
10175,654634.306340057
14225,432759.012147495
18448,457162.215458042
15431,352961.496305025
390,533855.168064187
12545,321949.567341421
1730,486607.640936291
231,439529.959383758
4735,867779.772017395
21410,613240.873042164
2446,2319085.12872905
3415,197441.895292179
15034,906545.553312301
13339,527260.480749233
3205,703181.221790967
20548,391381.065541934
10956,440916.026670601
12168,716799.060572659
15774,468600.204643024
4201,696109.674732926
18521,1062733.31021452
12231,880156.743433091
3836,281869.543880888
3454,694284.991762765
20201,681557.710621249
18727,252278.582188344
3395,236240.834277585
16938,305516.480313241
16164,371482.245584534
13325,547866.959140237
3805,584450.872102511
15170,491301.499103545
9555,1417012.17451379
4640,523348.332806177
10317,646152.36621297
4523,419419.080852138
3055,594647.105388574
15471,327247.899563594
14137,380758.369782948
16991,683835.736370765
19242,510126.000901647
9155,723621.863474018
16547,465319.10374588
14693,480478.461672581
21165,966515.280635293
14086,367716.896508174
2477,240088.3095285
7747,394007.099423984
20534,446529.292359307
21227,615862.091578202
340,361289.751713455
15527,422548.846621634
17011,308001.570611501
17275,529735.554922875
5163,646988.285076144
17725,632058.99107191
18505,683233.662294533
4585,360266.035916303
8273,212133.074032104
7441,498809.119633451
17705,867232.042926854
12661,264912.334644182
15237,567757.178883149
10387,1604900.07910018
14024,405162.248731178
5390,666860.9158825
915,511037.452680166
13234,496989.887110148
4609,275109.638869162
16930,1006434.68933438
13289,634113.152496525
9780,776204.393758874
8254,435518.533694066
10562,527166.809927588
7640,649734.106014167
13400,445276.600365519
20220,540107.136470073
5216,903825.694624901
4547,423867.680222417
14941,480843.395085925
8540,713648.009607458
11967,420350.50899694
18587,460793.784851999
345,317264.87389039
13954,794759.528780244
2452,485639.898436455
14519,544069.495807019
3926,949146.614465921
16086,362564.727803944
21434,648996.52374808
11281,683979.311263127
2258,604477.675250765
7830,512465.396933596
1613,462726.96144026
11416,369327.021930624
11479,637719.799241438
14359,404708.005841942
2822,206124.629284219
7454,374130.787430299
19211,482176.695875913
7231,291615.111138911
17076,343008.445605253
2909,809194.386143115
9920,635215.2236886
7314,569635.511230706
15502,384098.03020548
16856,691208.288926758
10001,432641.091774656
4021,538388.99354705
18229,593946.598497612
14250,237081.192621488
10418,1077878.50573823
1959,805602.519254869
1285,401516.586530365
17144,702984.190460634
10033,321769.574060807
19166,457407.024991575
15390,446072.684329134
8525,565800.996178774
3049,310529.433687671
6328,576281.236666328
17952,397477.014990293
2859,542586.581505244
7111,324136.33588912
13280,282507.19763971
8665,447369.751334888
5382,762462.740185826
5821,572497.142355823
7265,652809.964836238
17277,325203.999508789
20959,647604.341953666
15076,497452.118246427
11219,532509.690400659
535,269556.978346726
3792,629072.87590771
4950,482495.400905634
10939,547176.828089849
19680,406361.35789878
8508,334831.176606306
14946,586510.239695743
18235,341893.49089114
7062,481714.719749692
5533,445062.387049882
6221,844093.323320488
11299,496148.901019817
18605,758143.141456425
9070,457904.350083394
1768,424042.512114873
3758,572680.995778051
12155,306813.030704605
9446,267297.16441519
151,343095.838262282
15715,498626.421089027
12602,469759.408669145
12292,696975.947907393
12302,524523.159691262
18700,402164.378924085
21170,528811.016517579
20491,944099.009791625
6464,366088.572361721
9099,485887.74974289
15372,392515.973936154
14620,566245.158255759
7886,603276.51502815
19417,582175.177976892
11932,529807.509764461
12669,402840.194658304
10378,918347.495524156
8048,519068.839272736
20699,483367.170331835
3264,327515.045516723
20680,444891.531482965
10898,577838.819152385
5319,172683.340736619
11383,334776.883808931
6868,1044844.21933918
3221,878703.909457999
16074,458508.672708985
10997,827295.829918957
21027,469421.460114983
14996,373389.84309424
8738,861408.851558616
3121,526910.250145561
16815,495862.082839404
17164,423878.170708964
14580,557709.372904271
62,806584.576113281
17569,470393.487362727
6987,439848.364510643
1616,359256.706721977
4439,408840.969440016
6280,269586.305983348
15638,340848.830720765
18225,301919.745965044
19093,981419.287516206
1505,1122434.25121967
5666,858793.787585094
3497,307954.600623529
18726,421462.759075727
3490,343272.218918813
18743,363263.642166451
10519,356602.547906617
1775,602532.553082712
1958,229197.03244429
3574,532728.666459572
10567,562717.214470667
18340,258876.946649028
16886,650820.052723765
18023,575060.257945908
5973,408523.662894425
19863,562967.052570435
5301,318588.916520798
7575,358077.765137434
3727,1156993.36154475
17234,417703.240719521
20625,963821.252679723
4437,292698.838642303
16120,608542.997112109
4013,371107.740211333
1744,844061.562250378
17977,552752.80929103
9481,215800.990177671
18556,835719.743607424
6603,324008.193720757
5946,394742.433381412
13889,320009.360056247
1034,457380.695172239
17002,458961.240148109
19696,571902.290694985
20500,416281.609510582
15919,617381.010193525
20024,412897.944082676
14423,282841.399887125
6571,431388.025502232
4238,489863.312096043
12497,514077.532658383
5198,601102.231600165
20790,499284.190765182
11000,651554.321031197
7319,392229.303809699
102,577597.824192163
3323,225889.213551566
12465,742227.844520751
8778,595570.607953245
1344,625869.780521708
16289,492346.27766874
18671,419389.425162465
5528,311458.706382529
16681,315361.550458984
6225,327962.150196689
7943,595809.975597851
7687,678416.02703876
8950,457462.200655564
2413,852419.158030329
2955,546486.559241545
17371,407568.093985143
21580,271852.05366668
18992,274560.794032026
12827,358140.550633971
5165,414016.023797435
12774,521401.565384152
15395,385905.486502691
6277,705441.279253728
18271,269443.612377536
9121,457589.007267696
21588,429660.94334829
15987,239217.922251062
10190,315095.539411162
667,349048.712594458
7561,468742.538604886
2571,613176.974250638
2623,385119.434804884
4495,437258.521685133
6976,429264.812351604
2922,496356.557657829
9863,1021922.72149237
13598,462318.320535622
16354,987641.341604902
6507,307587.40592905
20586,626924.271011327
10433,495046.119525666
14111,347664.405717961
17070,485345.652062525
1733,349802.315942757
5489,331407.006440229
9322,537396.002350027
8358,584686.751578752
6442,354687.940127109
10725,348259.65376526
10527,845607.107451255
15915,310140.601764223
19201,512085.01329498
3090,584385.007778221
10316,665718.781674343
15531,1180306.82819855
9573,410390.349413652
6207,333593.046063776
1225,590217.266375833
15655,200583.62881211
14717,396516.384012665
9148,591881.360177021
3972,186551.988781938
4639,383225.032892966
8814,651765.315311815
20508,318678.650129653
1491,496483.260635531
56,676243.699332178
14994,671210.16133422
11703,347271.535882829
14842,855843.484980431
8172,484311.818836392
17950,324041.340194651
10281,291073.370252955
13850,707696.684656427
10962,436692.379242571
6855,577536.425350518
16061,633864.222371562
1456,478982.65392169
16467,485352.762939033
2203,770690.95546836
18880,420025.677267189
19829,633174.3401048
17380,237477.663879519
11290,420220.191956885
2366,576324.316012379
5393,466403.047833871
6255,285129.32506446
10267,581940.663959387
13578,381806.724537984
18056,495632.72597257
9262,408248.36311594
18032,221152.297970326
4228,567465.410784552
21120,706558.366070455
19552,357397.195445232
6931,558726.782494863
7131,386394.848680067
4044,469385.477022185
4487,562517.364942501
9055,806668.463087781
3483,556405.616789487
7461,856055.392794104
15088,804712.160656592
10526,353250.724289738
9261,536256.529338327
19460,435929.879320921
13353,351334.308909546
2890,372192.440722399
175,965714.413329372
1440,510035.185596902
6515,571032.976751896
7734,309637.537571408
16173,786540.777952007
20836,481570.833670763
7569,355711.55481661
7086,446195.818268387
19080,826015.441238492
6695,653759.707844845
5159,218130.649970834
14109,452120.81759747
14817,650177.597407417
21193,405672.141255989
11233,569763.165359314
9462,291387.632085958
7213,237727.87702926
6032,666955.746149107
5142,509855.425720175
940,507881.304750458
178,479665.15485319
6928,405469.970340099
6592,440519.331714921
7586,318692.481734232
19985,397447.97417691
20386,311761.218850426
9304,495907.125116996
6107,270324.20823266
18557,1066294.21718926
7893,624763.772982643
10557,976131.913923582
15978,408379.485973274
15529,377946.324065746
10626,534998.351811114
4570,324622.22936737
20162,270087.123310182
17403,1274118.82717332
20572,396405.493184361
5498,434237.456448678
19948,838873.037752813
21114,457601.634344377
4813,1465828.00352646
17373,697189.566787416
11198,313904.154764415
11267,326514.142980166
10364,789163.728610024
14142,424410.555672326
20226,1348041.5464467
3414,341462.125173266
15665,253508.001055958
21189,352217.345256062
3755,289888.551201737
4693,592700.295014788
6303,297376.902836906
9265,433815.396369981
1052,421407.093217328
824,926134.819522038
20512,412502.895224719
15167,541051.560494015
7154,330960.621437198
8751,867696.280830699
9093,653862.951979099
15630,695543.857191603
15451,734626.851243177
1128,316783.798543287
2246,525769.547657525
3920,448599.461558073
12705,219503.640301234
1495,588671.516154224
11311,344028.831300875
4863,503642.134134855
14563,342003.301499988
21371,636781.327510241
1511,766798.045672353
7492,303300.141683991
13002,313336.147488854
6279,502578.231036281
4074,224294.325529806
12905,589631.510674308
8570,1115946.76539753
16818,482476.084591382
1965,473293.408142145
15500,322516.9239458
11889,235303.570310036
13793,425389.004774488
7667,324161.732222139
19690,343785.974549628
18756,303354.703788447
20918,376668.062687756
10817,1178339.39338006
21187,502819.878479896
6041,537213.397182797
3123,1422050.98339748
16158,532573.105186346
1812,567463.831015608
11192,388843.21291903
8382,653745.0628554
12218,294298.421754841
342,609251.261880059
3946,447330.151058608
14251,538596.997230148
20282,844832.827876308
13299,400675.112310571
3306,225711.283122269
20322,457487.831930656
19737,692417.849560931
21345,569344.780524136
8718,783293.865948802
1698,839980.829258567
15763,299507.664076496
7315,1789787.83266018
17642,730036.013069696
16417,694837.817062394
15857,460461.276842407
2665,413617.961662589
14018,264885.784373812
18661,469506.465702422
14104,565022.992691642
14790,962938.979357561
1558,447214.102611613
17836,569961.601389015
13927,286064.037570342
4464,381800.24851234
21034,531684.204585186
9972,325311.787648935
12783,199585.177356242
21260,1462605.78442972
16155,270694.781891712
2163,550372.666444057
4380,314109.561443743
16700,475351.871582687
3984,241363.202439567
16377,162418.55742208
9988,552874.350307081
16046,866435.946613026
20705,1002866.83063993
11946,1057258.00249023
3213,311997.196272308
19589,762410.076536455
20240,734815.334633009
6523,861410.617404367
18227,411202.430678456
9299,752134.741788494
13650,653683.41086568
2395,710220.392379306
19856,460943.439047608
11603,516578.671873007
20233,422523.227530901
6949,365548.977617809
8441,460344.770811107
1725,402589.738421921
10122,248091.930598103
18551,299738.170912924
6914,989205.722026845
9360,372585.844296608
8560,788948.989259036
14346,419221.501873169
20684,897749.780644664
21579,541403.517712254
6922,709496.59927022
14785,423965.785680682
2396,554894.232862639
19618,325444.798706884
12184,360424.86958511
19385,589549.998663583
7435,1386189.28918524
1109,549216.967108464
88,584792.419900896
13863,1061482.27134402
16412,652858.014831809
9495,416612.961621957
13365,622001.120311528
19709,685433.025380957
6367,423111.884445191
1587,344794.580972378
7417,1111225.65970261
7776,746010.94626534
21105,857767.829341205
14725,733590.693887317
14178,591126.660475352
1460,583461.092845868
1340,827821.765263222
20142,730454.277662948
19566,1135890.53015873
18884,1319425.07941966
18220,373270.84493591
2455,633319.835977675
8900,525580.895140891
2842,399390.631925144
3917,420740.717195161
11708,362675.377122833
5959,766937.915559702
20421,480467.600814295
416,738408.602008729
7368,1278030.85060513
441,701925.317513614
14285,188203.550926771
21247,629951.652467974
8277,201816.025139877
10062,634073.826173889
16452,504222.436561695
21281,329692.827661294
251,386366.236793444
18158,443920.337299304
21243,403998.456957694
9156,770050.0325412
9629,821965.12895768
4435,647751.459163323
18716,512608.863945664
20802,474150.090322433
10054,667285.193158921
14935,484218.43300773
17940,843283.13890205
14426,818646.822118965
5079,541216.576826167
9123,237242.884139531
6345,428571.943893831
5370,931554.663382755
4338,714241.661895809
19210,487469.279656931
11169,1472274.66680815
73,337071.257435012
18462,988054.945346055
15641,544347.272619396
4987,342895.302373482
19672,1210406.39511921
18270,480825.990803084
5077,701446.401890355
11614,574095.686284638
15748,323046.066152569
3136,461335.068502803
17460,676316.19331845
15239,904565.827345311
6525,539048.206579877
15136,600925.063198566
13871,982367.198396415
871,559792.621622167
10921,485819.267301683
1528,413820.208766137
10119,393962.767278297
9157,704593.718878659
2782,803344.993225517
18710,670446.811126877
18818,302347.008942398
3327,848402.241507785
243,191423.035250105
10105,574619.91779218
6971,350894.845890519
3292,481352.499221189
6448,303003.616212587
21031,556090.29333036
5304,637618.720570387
21005,398269.985759403
21284,633400.746408011
3524,405306.51590759
18865,518070.571784607
7995,405244.118555471
15776,664677.710166344
1207,437424.640408586
19592,309971.073305687
13215,646304.317947247
8561,553077.295403448
5581,477298.777313564
6539,530059.861190352
15983,221961.096463342
6456,421597.809525731
15119,458774.619626719
9425,270091.287382041
16345,1359050.72194298
6745,361628.760585308
6264,583288.85518493
18377,603456.679550249
15426,479923.809876197
12414,534661.673648636
16555,749495.670188943
11334,429055.192354739
18889,663503.371606445
4662,615008.656972121
1794,278249.848743859
11875,965019.006095588
11057,192262.360385216
14272,520075.988205939
21335,1491205.48387188
3603,753821.308987471
8184,578105.092828908
13195,593224.359449363
10349,362459.564990296
13640,968418.020855902
5006,471846.608769955
16358,308785.406592065
2298,652097.786263107
8579,295526.254113238
3698,449509.017177044
19554,461826.498979331
20389,796754.944558051
10114,587420.191788138
261,648118.202366535
10687,418439.972722269
17276,763030.922397274
3359,248697.168809304
14167,535387.262757821
19168,606564.514180958
5861,272471.570854289
8459,264793.232815168
6320,497263.718344403
17492,299124.058867584
20065,436309.569129281
1068,208204.731038374
19927,343032.556218611
21518,385539.289449127
8690,496375.26885222
5600,444989.23412932
2750,447877.280071633
3648,404948.82676769
4066,493049.472044196
514,984730.611202861
19526,367256.48321054
10700,582746.075690939
20710,458428.940819188
9050,472525.978239815
14123,577594.112808726
8792,401045.508100089
21224,329477.646516244
6635,940962.763831197
11208,449603.970525039
19380,321089.769655401
12520,523070.677691204
10624,728274.746432551
11589,272843.306236217
3444,450688.810936693
7346,993147.195718814
14619,206092.372696589
5039,431789.811984945
1962,409940.294847802
1194,371072.708363292
16316,373543.489114615
8991,446467.555878899
5941,548876.71018014
19769,809157.682688972
10432,569826.693463723
12625,446151.751150058
7790,552102.84472238
20273,586062.118985753
16322,330975.906470388
17853,483634.62562159
9582,342273.077183155
14974,747993.2522292
2499,588828.623791052
2741,524922.523846144
3407,433452.955200459
1735,555663.971495567
8934,540083.998387621
17395,438576.84346926
7848,1411018.05069285
18846,913935.574833573
11550,408973.443156783
2680,516969.497413645
7246,272494.979663064
19777,820152.402592075
6437,531664.321876368
11269,761431.508476937
18112,305474.777608809
20821,386380.422972187
21322,877084.439473025
5391,684569.81212743
17945,230796.880180246
1822,261724.421307586
18159,510668.412429409
11904,852851.131763302
7219,498538.570741743
6234,354613.802970959
10665,784041.165179189
13414,905418.579542759
11575,505967.061382332
5387,344188.45301858
819,292896.53763419
4873,444519.833653972
11100,525234.25778151
19867,575102.122137493
7613,707741.986032581
18910,255785.651010803
11175,514906.41966327
13776,552558.743145669
12090,557011.603826931
6738,854694.217563535
11212,415959.133055543
17302,365156.89980718
11382,385237.679446565
3647,351243.351527253
13224,237011.206326288
16515,703640.626682755
19208,693573.559095153
4803,368747.588428323
20391,361513.081011174
17585,273029.186039102
12315,394582.975708074
10467,1851428.37837749
3842,217007.492420177
20310,424509.367168239
19214,451691.884489499
7958,607129.102459483
11124,650119.243608244
15735,1065433.96811616
18858,224250.308221038
3026,419459.680846063
509,303318.679810647
5559,588349.731547557
11256,601880.288366001
8454,342308.501878974
16242,680645.678271279
15506,476449.730573112
4277,814976.946324204
18254,748147.898532591
10870,542560.295652183
11582,457955.185305685
18482,307531.643337365
7688,534390.31459319
9325,711269.662274626
20086,949695.111395993
14766,722640.255316239
17108,355433.317104114
3597,699916.333208918
8252,464936.31651401
1998,240921.738202049
20818,816559.168145198
20365,782995.062101571
9761,539813.14629827
6269,437423.407681297
1135,1088888.78720381
9971,702427.803445767
16097,1031110.55789227
6606,708981.499584989
1084,750273.909462471
5464,791188.995810991
11228,1027478.62526732
20859,613927.746777192
18510,151592.716274682
4821,300373.537307407
15312,575141.292703894
821,361956.40397081
1888,883175.169247229
15795,1056072.32738217
9817,255883.447471177
20239,799975.710190715
12855,489280.679707789
19739,479472.055040731
16782,334196.433963565
14689,349982.033701805
12787,381033.404095969
1388,567484.504347586
13321,912183.199552892
3184,246988.840259943
4172,720104.023099212
4707,436214.400730339
19894,659589.94371224
17291,814958.732497903
9113,292182.285624824
14536,722498.380069626
12207,412712.72211378
15623,393959.658396729
18141,595994.726737995
17456,412665.702967554
3305,304783.060344963
15992,479590.76430689
9732,495638.087309978
17342,233443.385656268
14933,262296.05100685
68,694678.681862668
7802,559447.586103198
21233,674311.705049444
21044,503419.833149638
2416,321936.9568936
5964,842099.824802586
2641,389042.078152471
5277,367222.679790534
10813,291699.30037439
3187,360768.86925287
1378,348603.700889473
12617,637234.575382928
20434,438891.934183419
18902,403304.519972948
8945,809870.060186731
6137,787982.960434168
6142,550976.528027888
9286,448826.601109903
6792,530541.914794791
583,404009.577336063
18143,523949.065663743
6210,785757.251783697
21176,661472.815592864
11008,683637.115527333
4027,691548.302663547
8535,250740.285713528
20960,493489.952869824
20379,680202.011193989
13273,1172875.52797076
347,222123.207096945
17947,367147.329524132
6301,467476.702717061
5168,892034.81751702
6798,438283.418478213
3037,1004238.51785707
12573,608456.417381054
18415,478337.699323272
21317,440987.378865479
7296,299268.574510371
9644,758044.13830399
17205,809283.480247055
9562,311270.727212584
16669,374112.350730593
3947,425139.234456445
19236,228440.714805063
13245,673975.241844957
18354,421321.783730761
20211,369706.44594316
13541,289285.398870192
12032,344770.84158438
3883,266493.368219712
9404,944369.154960477
10155,1464867.46830435
17535,409123.86057184
1664,1342848.35271072
5300,408739.221209208
3909,215707.65926394
4008,435332.296884267
7829,832443.029714326
2583,295723.814065587
19341,628021.75437429
18071,896092.109631142
21268,689010.51193668
3076,327985.380649531
18182,527036.351715647
20510,383717.707256111
14923,674364.809041543
8981,601071.874129114
734,561711.200378914
14005,305456.160219461
2972,520041.380458956
19134,936278.449262135
20823,739911.141651086
11962,538211.312435462
10440,558886.708160354
18741,516939.934316483
20877,713437.628721017
16774,372458.131155679
4421,315711.940654384
15006,464704.993026156
21153,241161.821955179
12272,553092.725761596
41,653185.54517025
11248,630132.491939301
160,443500.208701691
20286,528739.117820805
3759,569088.764594125
17582,180546.159682177
5366,330638.610059692
17570,622724.663933504
3607,208504.94870199
5704,1497708.97116436
18371,512339.664425111
12553,218212.859901808
4854,385071.971009578
6725,554858.93342124
13677,1158475.18500988
11835,336621.328232465
2533,375094.499485369
12500,712188.471417329
18318,635121.395645534
6901,267998.889468863
19030,184944.994795401
5136,328041.975515565
7133,654217.464930598
12537,381405.609706099
21024,582194.101543596
8672,381179.103991717
759,1279527.21737971
5877,655539.806791813
12216,346313.25631344
15336,786686.164777004
16353,250874.718458844
15443,943661.169870553
997,485232.528668516
19753,1194610.4831838
8833,576464.649397063
6584,383558.819349926
12084,293688.836428571
3380,1302334.38421144
6099,303629.009751514
18612,235678.309270163
17062,993760.529213402
9951,434603.081138848
8215,255643.301259832
6718,464338.25131069
1746,464967.348926518
3958,809505.646319244
11243,692234.791964598
4926,570060.60135137
11838,279737.322305259
9122,240825.081158139
14627,767313.980363008
2186,592714.340451909
5610,885245.780462699
18249,474530.863351795
9348,751868.952048599
16308,424050.53866847
7291,412592.599190814
15507,448406.556886472
9770,390214.883583152
12300,1170466.41528097
20839,707602.744348418
8788,188044.364833679
8831,1275703.69301849
10459,654518.826400854
15701,580688.812117762
2406,649111.506181913
21570,901661.277567631
14389,671569.911944144
20104,741537.548185038
2937,423869.261123084
10800,577096.340110392
8829,867247.021698414
198,490320.467861272
20228,589807.508085104
20884,807481.133241715
617,461444.554992788
21466,770084.565454571
19746,651128.174328778
2573,407827.697990402
5858,170660.901416584
2373,503198.806850695
1573,483934.98649762
17401,326542.186705279
17334,620837.898211419
9071,695597.35538507
18405,325623.465596162
17420,159511.973157695
6245,366292.283406073
7954,502268.661741039
18913,869533.530762863
10605,530532.875420805
7280,580110.255517738
10057,415562.046434325
10396,691429.076809754
20785,683810.944999044
11507,212161.529646159
9564,487235.335027217
9186,533563.445661063
21373,452575.123921518
6870,704721.518860327
8879,545130.608303666
6957,652835.194872393
11796,639305.492954807
18342,233060.572724413
20202,706532.179132507
4002,277120.025262777
14875,387522.283723278
10876,808629.984248603
18116,603351.436418773
397,320275.17788322
12101,587532.704279171
7690,577715.745835457
13531,911026.545188095
14460,261882.767164271
14851,427359.212069676
12756,729626.967645041
14291,411546.30039011
8129,468647.642297798
6388,559116.317647071
4566,615361.347008007
1200,195927.641378306
12340,299052.674237394
4297,1490375.3962873
17145,554088.404857559
3517,453866.308874335
15182,980474.975868242
10948,655235.018436801
1732,1104885.81824595
5950,280048.651629294
11153,501536.078008201
8057,374107.377951801
20858,571809.874848449
4838,440636.344883481
7294,741124.527872927
8887,435730.019008326
9210,446641.287225919
17506,327992.444921408
11879,327090.119143174
12024,587653.983173399
1742,921737.06364718
18269,494108.460145915
9802,344398.643010978
6737,542126.112182645
18231,499847.926025025
6425,581464.374443999
450,576543.924684468
4534,783951.168388178
2371,676099.174256114
374,541006.883993791
8827,518844.880349223
15724,1087068.4900743
20195,713192.246014719
14034,1855579.61519327
3769,191801.528159215
7618,739080.290279072
9164,894275.217157667
16361,1253414.06571124
14235,794407.615449674
19897,823342.931405644
4085,391718.29158608
17105,901691.900159771
5272,627675.405757033
16781,806787.595555369
19734,277583.68077953
11801,479895.581790017
14148,646189.982653503
3891,702226.763122531
13848,900430.779529639
3688,536008.403760615
13064,256670.811964854
13219,383801.629856555
4817,503288.061014049
15845,456518.896220584
12580,216660.322668101
17793,439377.229849327
9568,420804.636820806
18811,454524.374614292
16437,558051.909913794
3347,387338.233372103
17841,507387.246654312
9902,948949.871697445
21052,1944729.44636292
7377,321270.993175291
15233,383422.118702429
5392,522876.549891267
14599,507757.942188613
18367,619186.090649349
13444,471827.196877132
17837,708488.026121358
6044,343032.781040974
3581,496060.51336915
16458,401646.525950864
2932,152547.787690133
7900,308763.64494867
9040,291074.459228334
9277,270370.782489379
1488,518840.477563098
8137,221973.485537305
14422,438385.134437612
15885,497790.485853741
3537,906703.519455701
15381,472241.509975864
14384,539279.778467336
14114,262618.915957649
9861,488456.82170077
1835,834773.056128723
20730,549988.290875269
17061,390660.998749337
14986,1059818.77220078
15759,421325.669295445
7716,242012.078592454
19862,421631.111031791
15787,493906.907606751
6205,1105036.31443042
5617,962960.250488225
16362,688174.600886292
14884,254627.62068618
15902,772456.917204711
15241,225923.995609028
19133,315775.617651117
12480,404566.579697133
3673,524427.125602133
11115,535883.827477996
14127,467125.805471863
15424,625227.405881344
2558,247255.248309311
14968,672356.600398351
9639,463738.737747386
3150,493799.542614407
16382,478752.508195982
13032,334798.16320389
1607,341785.399097403
2217,854710.355442293
2112,419337.698309824
13529,712590.944384973
21396,993212.630435747
5160,291031.575872891
17523,1063473.18955852
18533,700159.959373695
10814,365576.597019727
209,246627.819540583
14115,233499.788156823
3810,359408.935353092
5688,249687.787332104
12890,202879.595448322
9781,619804.953802793
18389,385714.544198378
15635,604850.736741363
4973,355522.798460912
6302,364778.813416083
6675,242191.27524153
20249,1172627.92491082
11720,559831.36210296
2720,219835.436954632
12707,500969.604294442
16131,442965.293181186
8643,708067.22336083
13160,369135.699559657
9114,1561958.00961857
6645,585227.983613887
7669,439256.053322667
5951,244583.297861537
16798,596080.544026763
5344,540882.893552602
2661,362466.286184455
7182,627373.188951416
18703,727402.608104093
191,570852.493391198
8495,518811.349443385
4599,461583.921917056
6757,599937.96780367
14983,190503.480805533
17409,968481.970877227
13432,581678.444988438
9547,196377.290888442
10804,671334.06873059
14916,465878.121448994
3512,655381.342024757
12203,407824.943748362
6399,270925.16235963
13706,534394.106347868
9626,408963.307733909
1146,346629.924270348
3678,630062.496169102
3939,440201.126007947
3923,1047335.66531801
20106,844038.623467626
10213,471316.646125393
665,352736.058477291
510,373432.469235823
13139,551421.796915117
13741,386157.409361274
7721,399497.049637111
7508,1187392.53631902
16296,855041.511349961
13093,720689.382315973
18517,294181.694652546
5055,475601.976321828
17911,578374.003343702
4449,564570.885742321
15943,567050.140038486
11620,494279.061220353
9493,270650.132195833
14043,975192.986458532
19693,528532.014023801
1304,494512.785005821
12439,702474.964547391
10514,491098.935840385
8190,261116.940300778
18922,371485.996052652
16952,661709.553773076
14198,481323.915735782
719,681362.259063574
2814,470973.151938784
7112,382449.337354283
3766,546916.914553777
16185,698644.162967008
18876,334315.097226247
2405,303556.727220465
15016,520450.236109066
14299,1325568.24884573
4282,560283.73635242
539,417131.259148365
15703,651754.696235881
5064,338207.958501579
11262,787865.929220512
835,745160.303063116
19402,342297.573806273
6287,826110.345886653
20772,675689.182251397
21522,1201594.09537655
8334,295567.473205404
7337,454975.66105557
17800,377371.959606502
14763,420884.30155787
12971,355055.026569973
7308,347890.953250089
19072,457676.848631176
5974,441870.95736497
12809,584959.636422117
11612,503624.37609571
3077,673269.735786879
1859,573162.475418339
15216,255951.834305356
8818,1045159.39956171
588,672727.756695248
1882,432582.526322636
13616,580365.3937869
3661,634970.421794114
3950,355945.897993334
20247,615848.539076821
3185,405410.00981468
7251,311008.289680282
17190,543269.676429256
14430,1120185.8967082
21256,925226.107475566
11102,445197.715388542
15546,714709.641278685
8860,562289.257689108
6339,260614.887948824
18438,398690.286726525
2268,512904.103652262
12616,752725.249900771
9880,391788.645162957
10669,533432.817680746
5970,533086.49536456
224,564534.792351036
7462,403390.454939942
3584,379646.065395226
19958,820329.025111886
3634,257724.970610689
19597,508779.280768495
4325,490699.792173884
14815,439278.697336724
12503,640206.687243341
2434,274372.928366983
1949,996763.81509323
18920,572131.557801554
17544,547332.883797788
2629,697176.964386001
8952,582342.589746278
14361,310466.792612389
2892,283446.696828534
12048,448093.309326542
16850,657638.398411454
5850,634429.08868511
7237,829451.263403809
15147,328147.433329503
9753,405104.74221652
17933,290331.210213303
17185,750772.098700368
3455,361366.846435802
14261,369462.068551339
11450,539307.637217348
1432,462173.197721414
14825,468414.508976508
13328,385861.8620598
12922,401724.921961521
20245,484485.551554942
18859,494493.265443742
17383,526985.937904465
5099,545302.592665051
14248,543205.539229233
20819,374693.738594155
18151,487790.262898824
17114,689062.326992921
20715,568640.05112568
13655,451548.195415799
3527,344924.463434581
20461,448622.054523786
19839,935499.952188339
19821,862740.568807893
1877,418805.936405578
16090,672471.535447971
8631,598395.258866996
3776,362608.084121541
18870,793621.199052995
19413,296468.538071769
18843,332522.451658659
11298,787124.847477303
4697,677843.879122508
1673,257570.8326027
4231,279464.069328904
2536,259694.397783148
4762,844173.857898549
19159,281526.226045981
11767,526231.213978632
14554,410237.730575599
19513,479825.75255132
11486,361848.143194937
16551,568742.319088398
12344,499152.045532018
6258,509469.355652384
4953,759339.349852648
12078,557815.542706208
13132,655880.1486132
15687,253683.77146809
7877,433393.774089238
10964,393263.476165653
6236,826543.653911957
13807,406013.141853224
20016,752993.724693779
3770,195012.860305648
4638,756649.671758603
18740,239742.850891197
17325,658620.570637443
3326,562553.005445758
2429,334785.144305183
17651,627108.730187798
3357,318869.856611405
15514,1776070.38157592
12246,631153.699037255
13484,318588.770268038
17879,565376.546053748
3637,310995.299225703
15094,595602.908935588
17807,335716.189730455
20318,636287.79644176
15752,454165.732551579
16474,647658.679302374
1075,796911.657989518
9075,1314457.2082419
11711,796541.581406795
5718,1479242.06988073
4079,315794.014015003
11207,332292.211058219
17788,880088.719042192
5492,308860.477763297
20330,557712.141608003
7573,294189.164180155
4612,375894.132310218
9793,264363.978593224
6727,496785.931488802
19607,605738.112025463
17233,421789.124065816
19928,678493.894343
4470,1244218.5011402
5660,931770.114685331
13721,544036.523708527
6139,429500.854277845
15862,440681.630594709
15924,598724.500592816
2746,483083.289313941
2475,886490.384525
10199,272265.362115607
6136,547148.052605937
12907,672257.492025498
4546,417705.957689757
13657,277805.240519052
20284,472089.684557801
16795,530083.236574724
18191,866636.499382618
12704,632066.127737235
11615,234105.343150343
4743,676578.302748829
10257,525563.816288112
10368,303244.18098953
2569,666025.028520385
18584,623852.53117625
1666,1026195.60163376
1769,290904.302741149
15045,431854.748142377
14444,776393.505933347
21036,690451.031459971
20675,403884.2439988
6681,780194.397898655
6297,448334.962820108
17996,405726.998754383
13775,390034.911615052
14065,591387.690307149
8819,357930.948895367
2391,1122755.4807758
5316,517389.845951393
7127,455048.849350972
11579,547181.036480442
2131,228693.767131814
4869,704631.361077066
7200,405312.047484345
16243,535641.134127331
2736,579666.845598113
5315,478865.125395781
2040,416915.002891834
8258,271772.207860923
11167,977037.272192584
6223,465659.620864182
4000,293806.02060583
5682,696982.016823736
6516,303157.377697806
13105,453085.210937652
622,495571.9080566
7500,392261.143833531
16389,1001935.95753617
13454,387970.333942138
5049,700614.510700986
2577,703938.348402889
659,235386.163611963
20639,298530.542145671
9271,524419.062930903
13111,397177.954131654
16789,346069.667435839
6010,354282.51955857
16499,426516.7012983
3160,322477.163035589
11986,489782.749556928
7873,341708.513319196
5042,596497.04129804
19790,533838.396108544
1167,393561.638935853
19899,490171.247806671
18641,448022.199326707
1984,677728.452562708
933,606364.687204694
18319,497009.337571356
9074,678527.175559329
20334,443067.911569604
9454,918298.670666012
12917,483116.847490676
11546,665757.697461703
986,224778.324840478
8453,783417.884493586
20048,631314.000869512
10242,388851.312636122
8604,680627.544885996
12000,929793.140001594
1267,471609.015685309
1485,639715.42275823
4158,341582.74988266
14976,432412.147627466
928,484688.156162874
1190,286731.23885429
6002,294047.705461292
4576,257275.909703175
14697,336749.757814486
21414,570758.563176724
7799,572889.743111532
6823,373728.523781029
5702,352024.620508029
2020,607331.476934661
6862,415158.611546719
19107,297971.498619146
7606,321730.734727231
9862,503744.749768289
9353,534669.294330828
14630,676613.203537608
2638,339130.492749334
21213,405683.477024366
1493,383385.066582063
2386,408499.494785811
694,608773.27463605
6612,456304.215626916
6817,569614.843965667
21463,713628.383550444
732,763152.122168709
4595,697169.898779248
7994,190211.390470615
13343,444316.328104412
16772,906985.05737926
17732,404134.465977095
4343,231741.619689239
16718,229769.783905525
19604,626442.888146336
18123,728412.008147802
11487,681248.301978832
11597,337234.489584469
17079,429982.843633364
13551,549840.544042806
8746,411546.104856985
8550,562991.533514348
13154,571113.130494394
18299,347493.758886998
7140,672500.796625496
8249,392757.15791805
5692,358689.009293141
2919,404711.154690409
13951,886600.436371701
7864,293929.388953467
17852,457289.668048359
11374,200823.283767225
3228,514387.439572079
16199,642948.06816281
14676,723425.931862673
878,335390.915729344
7324,569983.373084194
9367,526204.788656443
12019,1200961.72054315
1334,623776.415548235
14655,736849.171601933
15166,301118.049762034
4645,665938.716031116
6721,217007.354818334
143,718054.284819063
10394,543830.800322535
9221,351168.810315422
3343,606775.061024162
13262,758886.013614809
19915,651435.132165654
17207,690064.002097294
2044,289043.262074907
19727,968447.152070292
14388,200197.919713188
497,376645.362710582
1447,279712.018504262
14064,330377.144748347
19435,917565.502756805
20267,671517.298310429
13691,399302.302364891
3703,568798.212359231
17661,513933.199271051
14475,587922.293893949
14782,517643.404615864
9737,324383.829909639
15604,751716.501519761
13254,358032.900512851
18656,315383.979366577
11149,332648.543070981
17813,300308.446872851
19045,656662.021843694
3081,644227.301405346
21155,735554.736646395
19995,328414.903940812
17191,918579.64326123
7010,1259064.36020482
12813,415004.921248797
8565,673968.273711547
1038,520722.338714413
5770,624221.841242682
16910,507745.809905904
2857,500681.674087945
16511,376213.061203055
9779,649476.868430839
18602,297323.406843999
481,902748.319334341
5754,335923.214330505
7269,511853.479941679
3754,517853.659735725
322,703997.44847324
18111,698014.638197069
21103,409810.03963451
20418,420686.463811962
18877,1119205.60656681
1151,104957.037143473
20165,552594.347035056
14376,236181.512502434
6743,243857.164696863
11693,375714.67215422
2099,1083592.07834219
923,404835.394767277
16426,395924.440461869
4406,438118.391229317
16678,370247.30619796
19259,644106.556732959
14956,846352.422778638
15823,640446.086321812
4593,576234.460866432
682,375351.776129968
10855,710035.476873839
12613,314019.915111905
18222,370847.219793001
7786,343611.480151416
4204,634467.041716345
5646,555616.812534611
11129,699044.979007839
6410,391490.700581584
5018,446675.710045496
5249,743684.892029466
6398,195383.214824159
6485,394629.417362692
4956,479910.976072655
12343,512742.865253134
4071,621438.729215352
17612,490839.127315133
4353,507269.329197263
18038,475081.311593633
17311,257674.101607973
7517,290833.543257011
14129,623206.834798823
9544,478432.106668207
14821,644192.210199285
5274,717335.630829937
4695,254866.618309666
459,1279206.75013138
14300,539870.103946531
6244,616938.281213594
12309,488664.188623985
20049,664973.877336363
1645,433784.282463337
18989,401625.991735013
1964,626430.095132426
15704,950391.532623034
2098,615597.441279564
3495,180529.174154724
8182,526661.301374851
13646,614964.57648832
8691,694732.675039214
5080,370318.342162607
8144,814344.951050228
13994,194034.749756458
8123,195425.340202198
14553,443756.22728933
19304,815000.368293671
5004,266699.621460284
9665,950273.724355402
3473,703245.136738887
15469,867063.179666886
2123,597397.685094503
5295,837565.329726982
13749,446963.931882198
10548,205936.567588477
6524,587816.692105396
4530,373365.446151318
8852,540376.918101382
8990,679271.090268659
249,201374.69657685
20568,433090.629671198
8271,339404.423784372
3708,343934.410404003
14854,716026.097636211
11961,509186.431805714
4193,293549.901654943
13759,184637.143337528
20898,401881.570876406
15188,619715.520795414
8572,201832.643512552
7671,787788.118621738
3882,349819.2795234
5965,244247.398396899
1724,306937.125028204
19541,197135.044568662
9975,502613.962452366
17916,465809.94685331
12761,419167.496398904
4879,737750.625872979
2337,413045.725502967
19967,335288.180980174
12298,220685.026879237
17884,394240.623749655
548,630881.638011692
11133,537203.800926498
5586,436407.697719583
21139,312024.2960068
11097,537035.313734632
9938,261902.439101472
12183,555589.715233577
4337,727637.247696001
14703,471927.395904812
1085,494227.45746462
3257,371995.426411564
21023,439472.93565889
12212,1025026.10333425
17088,544903.328087716
2726,446826.366983078
14032,1181411.07311504
8846,638163.995256532
9511,668523.419947442
3556,427805.98122116
9654,679889.938764146
13222,349143.996771617
12697,465972.463219883
8500,559014.069045191
11566,237915.174146417
3131,698798.877874855
10081,931291.234326301
5242,769825.226058264
21101,470788.158517775
15662,666098.882526692
6445,464611.167446815
16761,619506.419197898
3729,775485.541457295
10346,847778.49660094
17845,255210.085569481
439,768453.498992171
17031,450643.923701716
19185,389781.961674589
9664,526529.55141281
15067,394388.787911494
10027,565620.175615617
16419,658865.48915781
21226,400281.246818545
19369,305640.574980224
3629,364160.799859118
13351,239221.058192129
9824,284189.677551417
21379,355763.472241804
7457,658613.062908862
109,322279.166471874
15670,2062541.35043556
18238,583742.131998022
6272,543117.145380702
1006,397902.581463314
11190,561542.416786944
10894,421787.473942234
14304,346299.814410644
12294,405274.395011723
20452,659000.521113252
1767,541320.779946071
10960,991127.220395868
14154,489734.196736655
17271,545677.24864124
19846,871996.789171203
14733,525932.821907516
3470,372392.824785783
18745,509128.777368548
10940,598916.878605648
1589,498881.845805201
12361,324696.886583456
11669,384067.852098821
4575,804456.342580649
9281,346795.214298549
4907,274097.688582393
16342,141220.271291329
18301,458146.691335876
17165,172677.526659287
20561,451110.979840505
12808,741966.140549824
11667,482684.947178673
16459,786674.442197678
3706,250480.649969327
20268,399619.413630461
16366,641464.024195456
7134,573584.243370196
7782,606592.246347078
21273,440491.524147097
10052,778996.023446912
21283,459341.913464812
18146,740218.267439626
16914,466298.756584216
1072,621060.644326136
13501,467183.349547518
11377,512096.534597204
7439,426748.744275805
11947,1248176.46841507
8869,321180.614509706
14772,151338.24196736
8949,478421.657367075
4400,394682.069570251
5593,429197.637519482
9878,376128.924939211
18015,271779.204549691
12966,599265.02037964
11979,591460.591810656
75,607240.669709659
14922,574490.732804788
4055,354110.677508446
6998,527879.172032819
9504,210712.967885819
9525,381279.004544953
537,430674.017773661
5134,1080815.65965837
893,544304.272138817
6368,551017.730218222
18511,621063.612784363
13855,550178.63640095
13524,782691.369590663
13392,630404.899864247
16107,644143.281470169
1537,1049136.64041873
1902,278442.532668201
427,424454.97714023
5188,746004.491780353
5781,383643.473155846
5734,461443.048901347
15248,1249810.39337542
16819,2020309.89191482
14088,553651.43360239
20159,838676.230741618
8813,438818.516386294
13100,428802.086832397
2717,409732.052191044
13684,706543.632816299
9634,352218.751115813
21194,732479.065202587
19766,1367422.25572421
20229,431484.766023417
8348,338874.62567849
830,329062.393404147
12786,905678.600111976
8302,531131.554154641
11846,1427809.18095216
10757,379961.084697659
14926,693297.51312308
17851,576493.158495042
12637,416396.911582751
6063,309740.664656335
19731,803694.034324562
1064,979322.778529399
15790,803178.777260728
8832,800430.344153818
2250,839201.317919307
16755,498070.450926492
8189,524249.991261719
6040,446577.802364666
8324,262625.987876243
16853,521047.386199625
17562,739449.365899995
1952,358169.565229265
3664,468132.452380721
2063,322207.633657617
18060,281992.539839085
17441,461712.562187154
3643,806840.337983681
7963,381752.329784794
21542,1443177.08005944
5038,366683.814241868
16285,521190.885973023
21043,615239.176445961
12137,184395.784196247
6705,631772.565284241
11662,309232.273194939
2985,796753.576342827
11665,456530.173883558
12626,443359.166010927
9603,627969.334297979
21349,472289.649597261
6840,542315.485991979
15548,356937.313016257
3578,279349.285554658
3263,197502.328686226
15064,290072.0036175
10697,550797.253891692
12847,756129.781050667
2018,211705.579163426
9226,388658.755976437
7410,413166.518789216
15461,496974.743057242
20134,402423.138764996
12822,731718.85267172
17470,231100.013833317
19410,562062.135210747
17980,457944.121928012
13800,944615.197071554
8309,366823.258206559
16433,852807.114284077
3853,293814.454914001
20051,851674.615278447
1096,433487.64926309
2293,583610.430476629
5126,412756.750942205
4063,747374.022160799
19677,716947.836434792
16638,737170.909180786
9270,301208.854366971
5115,451117.413474442
8177,470680.673547858
13193,462805.714069729
15733,704267.476911464
18481,389318.920004899
2017,526500.932967903
4202,257899.059145068
1395,347878.811036835
5209,530292.620171108
15632,382398.103797667
20182,758471.228135878
20147,626316.336632298
16663,401026.185740718
19195,374710.863726766
851,494697.085416193
1885,430105.801263646
4184,452163.794293914
4387,582047.951595402
18403,408302.894215996
20614,322299.048041839
36,535074.443590862
6100,906339.571306878
10646,651471.40900294
10701,515619.75231927
15722,670888.597706135
11759,477819.714785089
519,599538.514431806
2005,414488.04259294
8337,461363.89365561
1445,558382.047679825
4674,456262.401674433
2509,578125.100521118
10260,358914.904814637
12636,521278.277894059
20426,603471.894673821
19439,383174.079987584
10167,522174.768849539
15374,458740.771381567
11071,164309.409910338
9037,815824.628102503
13095,336818.343220051
8721,624861.129562123
12215,968187.355630227
16636,425315.755736664
13021,257777.311481427
20207,826087.946989863
5547,606416.730208077
1577,890866.98134674
20377,800572.201644653
10144,612869.901444365
12352,821829.619347577
10559,546942.12271346
5755,360407.260333009
20413,734618.42246056
2897,438300.468112801
9791,976601.048667955
20758,298239.54107904
18021,462541.0617634
15966,773959.537618214
17909,400322.397542247
4223,466671.402526652
7536,514872.527199598
1687,991831.865903971
10968,268781.062904822
12672,578665.673662928
3541,732741.260476045
16176,661132.15572944
21127,768815.269412264
18506,233332.409320182
9939,538965.673249646
15125,367848.690016094
2707,320302.10242937
12899,670525.876186193
10237,427650.994135998
13651,402075.268752003
12533,449655.448747867
11099,566262.212284697
3918,521498.192504893
14937,310615.35013309
13960,502307.340911305
10864,297572.209463795
13124,522774.416225446
6431,607512.924387329
12129,292079.539899914
12457,978162.885367105
11480,474111.791489546
19196,606603.677826048
19307,535046.755325028
3819,314556.658890284
307,486390.355955882
483,544347.14020808
11373,526419.517006592
13623,783451.332383482
2081,742722.634451674
5589,527996.232007826
1235,222365.898466361
13532,420627.874069571
17428,773768.254319401
19186,758798.864614645
16039,437215.708816137
14647,355620.889721283
18749,383456.021587467
9999,350093.538233911
18827,429051.547137183
12022,410054.016878942
5349,583620.886839689
10503,353412.070662732
14705,853954.28441505
12404,487779.458284313
19567,442980.430293377
8181,288847.729108982
14568,213147.624875799
13218,648449.206456424
11027,700952.881981947
15713,336083.796854182
17919,389754.764849345
15320,504321.112560219
15408,575779.345024089
8036,538012.066155305
11349,396197.889263476
19701,610125.780240318
15274,326976.343292124
2378,302675.185077102
16769,508116.524347245
18467,521037.601847747
10003,746671.311779808
15598,563718.950553613
20530,335755.033774382
12333,1148278.48437638
19473,614405.606589389
6750,324939.647980198
16698,415231.943498866
4278,340321.042713485
3147,451284.433974972
1403,343796.210148246
12816,521149.465957963
7895,558719.607775315
12859,277504.12272649
10077,713637.842121986
7648,638160.845790419
1968,472970.007583353
4298,222400.705751626
18452,291307.135679045
13847,376145.477284891
11293,413658.860665111
7735,518927.153443706
14182,226703.45387965
9649,548997.447142397
598,407054.232948435
7165,344358.355346449
10080,465378.00117924
12679,389006.357306423
18815,609713.178865119
12909,912538.334609769
8111,589871.631191816
8163,82284.9862160795
2331,633053.093801246
11199,333653.884287004
5910,837425.063213114
2448,1242177.42953338
19505,457507.101980336
15124,563324.015845964
8779,662996.674983474
18981,519510.93637703
718,267210.606398526
2267,428272.767834946
14054,1172116.17314456
6864,664392.25679298
17910,189405.948406823
15575,393325.052134315
4094,346851.248642423
18447,358267.304607987
5169,593515.383837332
19248,442948.433097935
8443,423484.394578586
12749,330607.822280743
3577,616988.875078094
7229,397646.488936168
2609,630806.748375789
18541,558494.884437883
2110,911639.424485609
5684,458739.40052276
6451,666807.817953652
9499,699740.635544885
7728,750173.655969312
13514,737377.574785201
2451,980299.453392807
10537,279659.214959464
8095,526450.79282096
2341,1487808.16237796
13426,741435.503502587
8837,383239.712447883
4430,1055897.24182813
19883,849795.263055393
4078,407203.975633971
7135,264444.618470263
14547,886033.923980059
13488,759713.426281559
16926,303022.372629608
16105,360390.410569512
5522,501471.496310945
21055,704576.963969314
21559,419851.02218612
19859,733272.043446947
5842,302153.765034615
4537,821304.01703756
14421,1248365.97513604
8713,454637.698872241
9394,530895.119444745
3981,263603.258857727
1230,878212.373935543
19981,646459.353169715
11686,737305.702713102
21394,538654.047598581
12911,403843.758936608
7570,674343.958885337
49,611377.680942278
10798,569927.110957464
14574,208912.298402049
17526,236520.503491218
19276,769700.626947281
18309,846724.327669429
5341,347794.775318081
14107,245304.428440944
6715,461338.104275595
20609,1192329.15288053
13278,754660.507436743
15295,211879.713691868
14084,438052.093556737
5182,912694.535394722
18793,1572282.07554791
2671,290000.263743402
5124,442987.017317534
1544,346279.683192563
13385,385419.492503341
18409,704308.46639411
18991,577276.089290505
18709,346166.676114944
19071,463058.210417133
5693,358136.340675886
8597,286699.290407936
2209,366346.478308006
9301,677248.713454044
10066,343616.286965
12312,707053.488807521
7779,646669.324551721
61,521272.093755745
4220,1587088.42364788
7907,481951.167032162
9351,578137.000400576
7825,860976.537084213
10098,575045.571025347
387,622746.42597912
7258,475524.679157827
17972,593572.414676216
18883,405971.478234325
5081,609563.11051398
573,853661.941398501
11993,974820.914600669
1809,1312646.13100139
16319,530908.97804186
3075,494168.202122528
16604,399930.755026558
17309,569140.540019206
5424,439412.796018806
18863,757911.003248163
5834,97258.0105076503
7042,380187.217194281
17024,389901.982109399
8871,643687.363010371
10439,535341.206161861
18560,360439.413679518
9233,237048.063594516
13702,1078627.35845585
294,569831.248515475
1110,285164.626841691
9892,223335.129287398
12295,311795.971702432
13891,425456.228009031
13756,226891.111206648
21387,530589.277500765
18845,382375.512807617
11061,455267.775755445
10184,348822.523058361
16880,675661.653492466
19477,342436.31789167
17224,462748.082985472
837,477337.432891979
13725,558734.171327783
2047,414086.02957204
7302,410509.649829628
9536,573101.989119169
8276,205518.632142304
10340,885499.03558902
18997,204608.243869652
6560,834758.656574855
10388,334837.434205087
14451,236940.399441734
4626,754832.677724295
1066,361149.111502455
3852,398324.499313969
21312,1302850.58131646
3767,620500.908386477
13589,422993.260584811
10867,475852.521358874
9627,485137.233404678
1818,461098.3627539
11890,652225.39275073
504,484826.356864963
11734,405576.610463689
7484,696629.486767086
13538,586297.917739175
20605,434483.857516827
17400,432150.304567914
6134,546175.985366831
9647,461284.925343736
14528,828436.748240835
21230,446417.545451816
19525,362562.481761559
16756,635265.49976497
1814,605794.308551261
16672,787575.686134821
3956,1190683.41936799
4811,443028.816900291
12493,611072.959616711
8548,965616.995114019
15755,416387.48076254
1080,538323.497464133
7006,173703.918946874
14283,688619.861422977
13903,352562.772633144
17232,840352.34915286
16759,272687.450349312
16112,1285288.62074719
12211,303616.169899246
15607,334117.16941819
3547,579065.630153485
1074,1037946.82769506
7702,1874277.59582679
16162,313719.197903722
17197,573262.068451314
2064,371424.824008022
14357,713683.283919994
7150,422816.660534543
15269,308404.377407792
4403,1197737.72209001
9602,338816.239994126
1565,578646.505334255
6634,668529.941248411
21311,474366.848378322
5279,441114.800505897
3285,750919.541467613
15880,374581.972226761
20210,605519.106724865
14453,310448.83528011
19564,1287285.36511642
54,360858.298609362
5205,709552.707850457
17008,424659.458436746
16407,257772.913826217
15896,187675.904878627
15061,404709.65788203
9519,661098.181821077
4164,401771.026896961
9105,916001.784278623
15532,634675.879738477
21085,621113.591991031
18667,478897.135314246
11162,422232.841252895
6961,1047908.70594717
6944,620798.252534634
9846,611033.249533814
18253,400632.890333951
17597,473160.65333933
3392,463417.5216277
6081,1024056.24813749
18017,568065.6515014
4093,1112616.85199538
14499,783838.858390064
3086,308812.557780895
19524,612195.437889413
3494,716142.341009332
1886,272780.85192565
9883,685640.479150855
18881,466892.719639339
18589,288333.797974012
9853,726816.066508072
12696,557390.510304779
14534,494165.503295027
6190,718949.999977313
11024,378486.894398724
19273,404667.843943404
2228,738296.93988358
4881,889183.061878554
18973,692598.517230069
8661,376598.855672947
10043,253711.428791835
3318,464043.002952399
4351,268741.272012461
1279,647507.093110335
15758,487456.019899996
14439,386946.303730527
1659,452013.045699619
13826,358720.790326917
15019,609680.666208054
13373,500946.168750138
8576,540851.42387208
3818,386427.867610234
287,670695.167986442
17583,176793.38185316
14372,494192.441983708
10972,525720.023842212
13200,639511.420396832
3546,301645.541240149
11705,548298.728904826
14313,298231.68662119
6802,728142.983002047
6420,1049404.77040277
20869,403866.692309539
3042,693221.486491812
8524,295740.930832627
21587,503588.41973014
7614,436530.294669838
4676,1171209.85559103
14756,447349.399854416
3689,523162.062070749
10938,1046603.64045144
6260,668108.843672581
9378,329611.106875108
14375,367705.165580188
7824,302380.751058363
18420,449544.281919398
10783,897737.634092131
1317,2573414.83564422
8782,351697.441157142
8678,311046.20360097
20436,1286437.8538015
10397,637603.867923975
3087,463762.397641076
7115,629665.345418473
18614,501945.216803253
15323,360770.584434454
10895,341249.401160585
457,697010.02578296
19687,887126.87773286
5426,731609.547711794
20015,204607.413451173
13227,604183.266740407
18177,406798.377520886
12735,832376.389714849
15144,497701.804087023
18904,812803.759608448
7385,574869.098972566
2742,723146.083380967
5907,251895.452995402
13543,739371.803467743
21591,642845.881112523
3591,277217.631576351
11499,433656.732410263
17805,388325.505373936
8986,309454.780344571
17320,442128.405204103
1993,404726.171376556
3865,386607.502296203
8554,313162.362907942
4514,599970.578485146
10841,417572.800590124
21602,1031700.67633652
20302,326935.805803553
17639,693927.077824583
12954,517488.222849128
5483,409552.457799384
452,1256398.94880523
17281,189150.306925788
8855,598010.528504818
17640,847693.300527666
5787,337133.010912446
12559,477826.99088198
16114,208834.933256863
2702,496092.912113349
10745,633682.243272185
19405,993182.763556826
4424,378285.614939153
18722,245968.279601951
7194,534682.437838809
6776,404614.043481949
15693,528617.564094709
18507,648137.066880142
12258,846344.814489688
2401,1184989.789758
2306,321559.413267032
15743,311991.51944227
15495,566125.462779956
7706,339301.849126519
13830,713826.531974456
13588,450961.88868077
15608,631265.943232808
795,314943.094057875
17009,360774.023935208
8531,297890.145875558
11171,414100.035657693
14936,421408.244780052
3268,385728.599604227
19075,358488.094918325
21251,599329.378828737
9719,232325.807073572
20919,426860.878245499
15578,490575.467037402
13943,656616.440669323
16441,398788.639579914
14545,294627.378160261
12514,263236.964551051
12995,344473.942485087
9734,764594.190039672
11237,545591.048343669
956,764120.56569117
18539,292243.751726793
7783,746321.257698452
424,582134.551634311
4614,253131.092840892
831,634880.556307125
8656,362243.553551139
17984,307572.366784948
6643,613926.659732838
18635,616734.425084223
13542,514720.769197389
10393,448937.27063552
4250,669829.437455399
2021,460447.531422411
7899,579127.610524374
9646,481595.469316755
16371,287991.387686945
2002,278789.834045093
15950,706571.158532581
9535,639296.849726499
9823,229917.291427029
13038,484113.518987588
20516,318528.499343224
4367,499067.535625543
18887,375124.723082594
8534,254553.268534455
7743,378399.455071242
12948,337031.710176294
2882,644174.716473513
9725,686413.256281354
2773,431737.808180031
772,639767.045400322
16579,470627.330260731
14234,1407948.94404571
50,294334.921301486
10594,332650.63742284
2970,407652.29617619
15876,1687253.24542863
10560,372945.552342623
17260,342018.676439388
11173,338885.02155172
3315,545785.278408195
11216,240838.905454493
1611,305582.899018307
13214,334882.970599027
1259,705211.264146609
7623,290540.998477389
4632,675933.957987742
7560,334126.971465807
5607,414609.56736366
19111,782862.583679025
18814,750337.824614937
7201,501705.060515139
4087,245021.917204015
18875,267121.878550206
19199,781306.774006781
9410,536066.556991325
9365,591809.768442267
14394,406453.176148156
12956,203711.139713225
12709,258083.380281425
15935,425831.817396348
904,1023387.61968521
19255,906625.32045561
2085,594214.636483516
6047,1299302.71944014
6365,344987.712806534
18459,385492.183706675
11086,748901.606907093
14071,227655.579219246
10047,740349.838706734
15074,1063871.91710916
12081,453746.214492892
14172,262307.227781469
16927,228168.456757099
21154,448369.457858917
10207,231195.82940158
21592,1237492.62363511
16149,838891.210244467
14146,550552.211209163
11147,754015.323137521
17737,396399.555856929
18673,341250.528897387
14539,246313.76772942
6321,363612.69438409
3871,631727.993633717
18276,698092.231802516
19268,219354.507726157
18662,467664.218664378
5078,291512.761753786
15504,589668.234790351
18055,342093.595923659
16147,863148.326512904
17432,526989.459831614
5422,314550.41680623
2930,518720.087343277
11056,575028.00678513
11663,279542.847962966
3744,606193.132282886
18906,521036.510588034
1917,522900.831899421
2505,381371.802609183
20429,528097.27189658
4451,271403.451085411
3863,900640.900304247
10915,1282992.71566484
3538,298652.900162154
12485,427928.608094909
14059,579299.020825108
2659,953676.137143736
12147,295381.068121929
10165,963861.191646043
11735,178582.287906543
6140,256662.090339993
19096,495672.872252979
20994,650932.556708286
10854,507705.772850886
19406,439049.670921135
14929,468590.455839551
21540,301584.414799367
7997,691909.150284918
18335,770510.486765921
5408,558859.239275512
9572,826943.242147041
20746,295983.409997946
18748,724211.703772883
17477,468220.603944346
6036,429571.770705381
7930,354313.786522824
914,350054.175078483
1196,200000.766570894
17773,285620.643788595
10283,566756.070018634
4100,799387.0391068
7987,564969.869482237
6480,499249.222350278
5232,230196.405405997
17659,1713726.23700935
7859,321853.702154155
15817,371315.818537153
17095,557041.896448589
6306,617185.809413798
11347,458885.27435125
21116,864938.550989361
20576,278216.752777632
5471,260324.50250123
3396,404319.912974625
15892,884008.589814088
20368,576894.002882254
14491,445328.217153849
10219,563775.833932098
245,284266.983323105
31,645192.297445915
5545,675156.72093339
21485,463623.233437543
7400,654131.555387529
14504,924857.329757098
11770,632370.699694663
17925,498348.24530822
17140,198460.871981328
12421,330981.569110135
17528,484821.288640471
15113,461233.038708331
14758,367132.205661924
7538,935223.865826171
8315,356630.994970512
11134,683852.903176164
12311,538867.77214931
458,583545.310661922
12677,598043.425181806
2009,687662.385624683
14176,348582.143563792
16558,234359.154851223
9618,530910.872569717
4510,368871.578972284
19332,883703.724285307
9500,934734.407366244
5092,499519.334951126
3996,527244.883741646
18874,529247.096518016
3232,430323.079599648
4309,279417.243081149
12619,492582.363372704
4668,518249.773200408
14687,1454269.41627376
2734,586571.344398766
8985,456702.647360435
17855,716043.107443062
20780,594392.59884447
5717,699503.464143525
3743,639147.331042348
20827,614502.859872088
18005,398928.848960277
1956,671352.467879624
9575,930466.290360451
13382,438479.399440718
15484,2485851.62285686
8364,1183352.39148592
797,390007.453540854
6772,997723.15205202
19545,336680.455791405
18085,715535.053598456
10710,709447.345690455
7466,613317.960557035
8756,974546.522748674
366,926336.155763676
20388,271459.692624644
13530,1462022.41921208
15881,215633.983515934
5109,895585.393275435
9468,440005.965608299
8977,720505.398352549
8256,1018563.05806106
7876,402617.436442141
10498,480550.780555631
4489,577407.596804172
4326,498778.557415775
9033,419290.944614358
10758,619236.610242714
15480,597895.688024301
14759,295271.421298375
19681,722972.336338715
7486,464561.173509689
4779,427648.957163026
12666,537447.113958599
19864,638026.0461136
9733,466812.706632837
3186,388819.027790321
17171,536302.337424043
16852,446684.631871906
4187,338887.626889617
11335,481357.997108034
12770,401583.254997521
9041,474872.882707431
39,557291.709933159
10965,1287287.70955217
20442,345955.568337171
10221,796088.130062061
1896,932804.671176407
8752,573040.717981974
19519,360318.939425351
19688,1019152.80870103
2548,442449.959270322
8712,280937.810543422
17668,651649.782948167
1275,572202.75935049
18283,823080.047222709
9955,509843.063620138
11964,330188.777524476
18493,329323.491930006
17812,325809.880085558
20327,1927218.44250691
15178,243965.959509659
13368,412755.702767727
15040,1088107.39922201
15979,869566.342685829
689,668044.024525056
12060,233151.928733484
7976,473949.81361839
13875,527145.2651873
15686,539122.454646057
726,615447.95757132
10917,708711.349200867
2100,481822.400102033
11360,273688.995462262
11866,511069.078868759
14442,378486.59530781
11622,1240852.49341567
4417,890046.826461387
2846,396349.90567963
14232,701316.003929714
17894,255200.514086648
4580,644393.350428536
15843,735280.918285491
5892,538025.830564517
3033,286544.750866358
12437,413689.489301115
16036,880455.865193924
12702,655452.160100186
20476,438284.715329027
10617,496542.96487284
5975,438168.350362543
6552,365116.374093722
1946,1128549.72758849
20654,614230.743793174
2948,581048.266266043
7531,587470.055100854
5000,334902.76572087
13239,373194.725232118
2030,397474.047391451
2672,310187.072265733
14713,387487.172892792
19465,586211.128556176
1596,418763.751575989
19235,696765.308567121
9319,534520.399545363
17674,574234.959508544
8659,424248.771610574
19611,530382.753264316
8168,622280.775487587
8115,273024.605132755
417,693625.640277708
19048,989621.377442508
16450,1367759.00299361
10734,540871.946521647
19993,319600.997592429
1861,489093.066662785
15835,392045.367154835
12865,205915.882472294
16544,524714.96335536
13670,651280.040256081
11314,222097.035848392
13769,300686.435103974
4565,227931.599485896
12249,340421.548635014
15730,350583.293238872
650,220319.651102901
1351,556156.206512218
4988,951937.668553513
11761,203303.666511386
16775,1674116.94071212
4704,416383.104177467
8107,270992.573806311
9935,764896.341300655
15916,234398.586425758
9336,338554.457149654
6820,505543.985914317
7403,455261.670982142
799,437255.615106084
12243,424409.998269751
10675,380456.717715547
10983,1087383.06114988
6156,882878.270992987
15918,486754.576871215
18789,590265.92794331
15948,504684.460725628
14380,652382.055493356
2222,421138.452593076
1369,521312.316629135
10204,318903.407307192
15404,450545.56397686
16695,352112.127176838
7510,554333.194659806
21132,765212.477841819
1101,167386.972260719
11148,307336.278940457
3200,269158.676656515
6073,150651.337289551
19583,395627.479134456
1507,313547.547367712
3387,1015960.3123485
1114,636517.316287054
5703,709042.978491509
15906,807608.546491165
17758,1102361.21568015
1024,280398.519134969
7211,693971.693187019
8003,475416.479591013
18690,551599.140423476
13792,369748.535876683
7638,199759.98682688
4836,347232.792777364
2833,553479.889957285
20989,719786.115738113
2400,535690.207160014
9002,862764.158758764
517,272742.873329332
1921,424624.419540544
20905,496408.28850523
11211,377314.478408489
13599,845602.715765067
11226,189405.076285513
3739,278346.805198699
19205,891024.284303415
17254,804483.780016783
10502,433290.846781279
5960,1226669.22830655
15380,475816.641304802
2594,635776.742807123
5477,450349.389941756
11995,358671.637608992
